행정동,면적(㎢),총생활인구수,청소년인구수,청년인구수,중장년인구수,노인인구수,장애인구수,노인_의료복지시설수,노인_주거복지시설수,노인_여가복지시설수,노인_일자리지원기관수,노인교실수,경로당수,장애인_생산품판매시설수,장애인_의료재활시설수,장애인_지역사회재활시설수,장애인_직업재활시설수,총시설수
사직동,1.23,11181.7368,348.72,2450.5190000000002,6622.7057,1759.7921,264.0,0.0,0.0,0.0,0.0,1.0,1.0,0.0,0.0,0.0,0.0,2.0
삼청동,1.49,3955.7911,558.9607,1050.4131,1716.7830000000001,629.6343,102.0,0.0,0.0,0.0,0.0,0.0,2.0,0.0,0.0,0.0,0.0,2.0
부암동,2.27,10231.3793,744.8383,1946.2462999999998,5387.9186,2152.3761,306.0,0.0,0.0,0.0,0.0,1.0,2.0,0.0,0.0,0.0,0.0,3.0
평창동,8.87,17295.1528,1169.5429,2883.5715,9332.4074,3909.631,485.0,8.0,1.0,0.0,0.0,2.0,7.0,0.0,0.0,0.0,0.0,18.0
무악동,0.36,5914.8541,434.9992,1137.3527,3108.9253000000003,1233.5769,313.0,0.0,0.0,0.0,0.0,0.0,5.0,0.0,0.0,0.0,0.0,5.0
교남동,0.35,5748.7078,290.7773,1241.173,3242.617,974.1405,336.0,0.0,0.0,0.0,0.0,1.0,7.0,0.0,0.0,0.0,0.0,8.0
가회동,0.54,3229.6829,132.0328,530.6750999999999,1908.9465,658.0285,168.0,0.0,0.0,0.0,0.0,0.0,4.0,0.0,0.0,0.0,0.0,4.0
종로1.2.3.4가동,2.35,28094.7355,1124.9362,9265.3669,14436.1998,3268.2326,368.0,0.0,0.0,1.0,0.0,1.0,3.0,0.0,0.0,0.0,0.0,5.0
종로5.6가동,0.6,7972.8141,402.7415,2457.3157,3853.9239,1258.833,243.0,0.0,0.0,3.0,0.0,2.0,3.0,0.0,0.0,0.0,0.0,8.0
이화동,0.78,28208.9365,1308.0536,9079.3792,14731.662599999998,3089.8411,281.0,1.0,0.0,1.0,0.0,0.0,6.0,0.0,0.0,0.0,0.0,8.0
혜화동,1.12,29192.9834,3553.8594000000003,13295.1148,9395.6876,2948.3216,555.0,0.0,0.0,0.0,0.0,1.0,6.0,0.0,0.0,0.0,0.0,7.0
창신1동,0.31,8970.8119,186.4106,1990.6885,5248.071,1545.6418,264.0,0.0,0.0,0.0,0.0,1.0,3.0,0.0,0.0,0.0,0.0,4.0
창신2동,0.26,6901.5767,275.0144,1564.386,3502.6953000000003,1559.481,487.0,0.0,0.0,0.0,0.0,0.0,2.0,0.0,0.0,0.0,0.0,2.0
창신3동,0.23,3944.2521,170.5651,837.3877,2124.5919,811.7074,333.0,0.0,0.0,0.0,0.0,0.0,4.0,0.0,0.0,0.0,0.0,4.0
숭인1동,0.23,7043.7798,222.5969,1779.6304,3531.5398,1510.0127,297.0,0.0,0.0,0.0,0.0,0.0,3.0,0.0,0.0,0.0,0.0,3.0
숭인2동,0.35,10690.3299,288.5179,4129.040300000001,4718.2629,1554.5088,411.0,0.0,0.0,1.0,1.0,1.0,5.0,0.0,0.0,0.0,0.0,8.0
청운효자동,2.57,12790.5501,888.8558,2516.4181,7210.703699999999,2174.5725,408.0,,,,,,,,,,,
소공동,0.95,6690.4483,653.7578,1485.8318,4071.9533,478.9054,39.0,0.0,0.0,0.0,0.0,0.0,2.0,0.0,0.0,0.0,0.0,2.0
회현동,0.84,8584.4706,288.62080000000003,1747.1588,5344.0485,1204.6425,250.0,0.0,0.0,0.0,0.0,0.0,4.0,0.0,0.0,0.0,0.0,4.0
명동,0.99,12846.7398,536.9105999999999,3919.9815,7186.646700000001,1203.201,104.0,0.0,0.0,0.0,0.0,0.0,1.0,0.0,0.0,3.0,0.0,4.0
필동,1.14,8453.1079,709.4156,2822.1235,3798.0946999999996,1123.4741,178.0,0.0,0.0,0.0,0.0,0.0,1.0,0.0,0.0,0.0,0.0,1.0
장충동,1.36,7332.1453,479.023,3213.7642,2840.0663,799.2918,181.0,0.0,0.0,0.0,0.0,0.0,2.0,0.0,0.0,0.0,0.0,2.0
광희동,0.74,15359.9509,749.2575999999999,5295.9429,7537.433499999999,1777.3169,207.0,0.0,0.0,0.0,0.0,1.0,2.0,0.0,0.0,0.0,0.0,3.0
을지로동,0.6,7868.0084,224.5462,2809.21,4044.5273,789.7249,89.0,0.0,0.0,0.0,0.0,0.0,1.0,0.0,0.0,0.0,0.0,1.0
신당동,0.55,21455.2208,425.19140000000004,5931.5935,12448.904600000002,2649.5313,385.0,1.0,1.0,3.0,1.0,1.0,19.0,0.0,0.0,4.0,0.0,30.0
다산동,0.51,11941.6795,498.8157,3039.5657,6202.5832,2200.7149,610.0,0.0,0.0,0.0,0.0,1.0,0.0,0.0,0.0,0.0,0.0,1.0
약수동,0.48,13059.5144,463.2908,2437.353,7006.083500000001,3152.7871,801.0,0.0,0.0,0.0,0.0,0.0,0.0,0.0,0.0,0.0,0.0,0.0
청구동,0.34,10286.9906,516.3203,2279.4369,5357.3781,2133.8553,582.0,0.0,0.0,0.0,0.0,0.0,0.0,0.0,0.0,0.0,0.0,0.0
신당5동,0.39,5557.644,175.45190000000002,1544.6513,2801.7686,1035.7722,481.0,0.0,0.0,0.0,0.0,0.0,4.0,0.0,0.0,0.0,0.0,4.0
동화동,0.26,11246.1845,438.3035,2321.2668000000003,6024.182699999999,2462.4315,418.0,0.0,0.0,0.0,0.0,0.0,6.0,0.0,0.0,0.0,0.0,6.0
황학동,0.33,12105.0056,344.8154,3745.1611000000003,6058.0169,1957.0122,483.0,0.0,0.0,0.0,0.0,0.0,3.0,0.0,0.0,0.0,0.0,3.0
중림동,0.48,5992.735,256.8007,1215.8705,3427.7897,1092.2741,509.0,0.0,0.0,0.0,0.0,0.0,5.0,0.0,0.0,2.0,0.0,7.0
후암동,0.86,12767.6465,668.9978,3045.9437,6766.6234,2286.0816,685.0,0.0,0.0,1.0,0.0,1.0,5.0,0.0,0.0,0.0,0.0,7.0
용산2가동,1.96,10260.1998,376.2409,2981.0259,5149.2164999999995,1753.7165,431.0,0.0,0.0,0.0,0.0,2.0,3.0,0.0,0.0,0.0,0.0,5.0
남영동,1.19,8388.8053,338.5556,2555.0893,4316.5683,1178.5921,473.0,0.0,0.0,0.0,0.0,1.0,3.0,0.0,0.0,0.0,0.0,4.0
원효로2동,0.71,14008.1217,628.501,3345.4173,7671.0557,2363.1477,462.0,0.0,0.0,2.0,0.0,2.0,7.0,0.0,0.0,0.0,0.0,11.0
효창동,0.44,9431.0053,399.0428,2622.2295999999997,5000.7118,1409.0211,338.0,2.0,0.0,0.0,0.0,2.0,7.0,0.0,0.0,4.0,0.0,15.0
용문동,0.28,8294.7048,356.1571,1941.1222999999998,4519.3912,1478.0342,440.0,0.0,0.0,1.0,0.0,1.0,5.0,0.0,0.0,0.0,0.0,7.0
이촌1동,2.86,21591.3701,1437.2184,3115.4737000000005,13021.751999999999,4016.926,498.0,0.0,0.0,1.0,0.0,3.0,9.0,0.0,0.0,0.0,0.0,13.0
이촌2동,1.22,6602.074,222.4789,1290.6047,3717.4937,1371.4967,312.0,0.0,0.0,1.0,0.0,2.0,5.0,0.0,0.0,0.0,0.0,8.0
이태원1동,0.57,9341.0256,357.3035,3684.8821,4237.5787,1061.2613,205.0,0.0,0.0,1.0,0.0,1.0,4.0,0.0,0.0,0.0,0.0,6.0
이태원2동,0.86,10351.184,354.9428,2698.3342000000002,5920.0636,1377.8434,311.0,0.0,0.0,0.0,0.0,0.0,4.0,0.0,0.0,0.0,0.0,4.0
서빙고동,2.8,10969.2451,791.3254,1926.9125,6418.0333,1832.9739,341.0,0.0,0.0,0.0,0.0,0.0,5.0,0.0,0.0,1.0,0.0,6.0
보광동,0.71,6442.9478,347.6408,1206.7288999999998,3647.41,1241.1681,342.0,0.0,0.0,0.0,0.0,0.0,9.0,0.0,0.0,0.0,0.0,9.0
청파동,0.91,21037.2792,1288.3566,7846.7749,9276.385,2625.7627,763.0,0.0,0.0,1.0,0.0,1.0,5.0,0.0,0.0,0.0,0.0,7.0
원효로1동,0.59,16709.7949,591.5663,4952.418900000001,9516.6013,1649.2084,433.0,0.0,0.0,0.0,0.0,1.0,6.0,0.0,0.0,0.0,0.0,7.0
한강로동,2.9,34337.8632,1767.0741,10777.562,18091.985099999998,3701.242,487.0,0.0,0.0,2.0,0.0,2.0,10.0,0.0,0.0,0.0,0.0,14.0
한남동,3.01,19014.4181,633.8113000000001,4780.2659,11313.3465,2286.9944,350.0,1.0,0.0,1.0,0.0,1.0,6.0,0.0,0.0,0.0,0.0,9.0
왕십리2동,0.41,15773.001,732.9427000000001,4200.030900000001,8339.371500000001,2500.6559,616.0,0.0,0.0,1.0,0.0,1.0,14.0,0.0,0.0,0.0,0.0,16.0
마장동,1.05,18155.8349,1089.5684,5154.0136,8839.4781,3072.7748,1002.0,0.0,0.0,1.0,0.0,0.0,15.0,0.0,0.0,4.0,1.0,21.0
사근동,1.1,23644.6593,3123.1158,12879.824900000001,5849.5494,1792.1692,354.0,0.0,0.0,1.0,0.0,0.0,8.0,0.0,0.0,0.0,0.0,9.0
행당1동,0.59,26918.6397,2061.7824,8382.459900000002,13637.4873,2836.9101,512.0,0.0,0.0,0.0,0.0,1.0,6.0,0.0,0.0,0.0,0.0,7.0
행당2동,0.42,17990.5399,1015.992,3505.0043,10344.1279,3125.4157,891.0,0.0,0.0,0.0,0.0,1.0,10.0,0.0,0.0,0.0,0.0,11.0
응봉동,0.57,11077.2515,790.1575,1739.798,6679.5798,1867.7162,523.0,0.0,0.0,0.0,0.0,0.0,9.0,0.0,0.0,0.0,0.0,9.0
금호1가동,0.46,12107.0354,522.281,1992.321,7422.553800000001,2169.8796,622.0,0.0,0.0,1.0,0.0,0.0,7.0,0.0,0.0,0.0,0.0,8.0
금호4가동,0.84,9406.6762,318.13890000000004,1590.3656999999998,5721.7569,1776.4147,525.0,0.0,0.0,0.0,0.0,0.0,10.0,0.0,0.0,0.0,0.0,10.0
성수1가1동,1.97,12865.2083,419.0797,3327.7726000000002,7292.9192,1825.4368,539.0,0.0,0.0,0.0,0.0,2.0,13.0,0.0,0.0,0.0,0.0,15.0
성수1가2동,0.89,15931.5683,625.5129,4266.8021,9000.5041,2038.7492,442.0,0.0,0.0,1.0,0.0,0.0,8.0,0.0,0.0,0.0,0.0,9.0
성수2가1동,1.17,15395.0776,541.9198,3974.3468,8545.868699999999,2332.9423,685.0,0.0,0.0,0.0,0.0,0.0,8.0,0.0,0.0,0.0,0.0,8.0
성수2가3동,1.03,26046.9778,1218.418,7932.085499999999,13856.3714,3040.1029,384.0,0.0,0.0,0.0,0.0,1.0,10.0,0.0,0.0,0.0,0.0,11.0
송정동,0.75,9753.9093,325.8352,3463.2554,4562.5742,1402.2445,474.0,0.0,0.0,1.0,0.0,0.0,6.0,0.0,0.0,0.0,0.0,7.0
용답동,2.31,15307.0781,610.0350000000001,5268.2996,7294.350399999999,2134.3931,606.0,1.0,0.0,1.0,0.0,0.0,4.0,0.0,0.0,0.0,0.0,6.0
왕십리도선동,0.72,27805.1196,893.9565,7811.566200000001,15031.7313,4067.8656,979.0,0.0,0.0,2.0,0.0,3.0,10.0,0.0,0.0,0.0,0.0,15.0
금호2.3가동,0.64,19223.962,766.4219,3738.9546,11289.569099999999,3429.0164,895.0,0.0,0.0,1.0,0.0,2.0,12.0,0.0,0.0,0.0,0.0,15.0
옥수동,1.94,22805.3719,963.762,3829.4379000000004,14095.9668,3916.2052,694.0,0.0,0.0,0.0,0.0,1.0,15.0,0.0,0.0,0.0,0.0,16.0
화양동,1.16,40300.9482,3683.6157,24031.4903,10164.528600000001,2421.3136,529.0,1.0,0.0,0.0,0.0,0.0,4.0,0.0,0.0,0.0,0.0,5.0
군자동,0.74,22656.6466,1641.893,9998.8474,8568.9027,2447.0035,770.0,2.0,0.0,1.0,0.0,0.0,5.0,0.0,0.0,0.0,0.0,8.0
중곡1동,0.62,14045.0034,433.4905,4589.7689,7092.4833,1929.2607,651.0,0.0,0.0,3.0,0.0,0.0,2.0,0.0,0.0,0.0,0.0,5.0
중곡2동,0.55,19320.5702,935.7931,5546.191,9754.7915,3083.7946,870.0,0.0,0.0,0.0,0.0,1.0,2.0,0.0,0.0,0.0,0.0,3.0
중곡3동,0.6,12110.057,480.1024,3209.9707999999996,6339.1928,2080.791,723.0,0.0,0.0,0.0,0.0,1.0,2.0,0.0,0.0,0.0,0.0,3.0
중곡4동,2.32,22928.3725,969.6649,5242.1518,12055.4893,4661.0665,1279.0,0.0,0.0,0.0,0.0,0.0,4.0,0.0,0.0,0.0,0.0,4.0
능동,1.1,10804.6143,443.22,3885.9107,5037.5165,1437.9671,379.0,0.0,0.0,0.0,0.0,0.0,1.0,0.0,0.0,2.0,2.0,5.0
구의1동,0.56,21520.2182,1040.5203,7405.91,10395.3871,2678.4008,799.0,0.0,0.0,0.0,0.0,0.0,5.0,0.0,0.0,0.0,0.0,5.0
구의2동,1.39,18279.3933,1228.036,4196.1211,9541.6625,3313.5737,1034.0,0.0,0.0,0.0,0.0,1.0,4.0,0.0,0.0,0.0,0.0,5.0
구의3동,1.02,24039.7124,1787.3614,5120.2219000000005,13302.526600000001,3829.6025,775.0,0.0,0.0,1.0,0.0,1.0,9.0,0.0,0.0,0.0,0.0,11.0
광장동,2.39,29560.0564,3194.4964,5064.7647,17098.9844,4201.8109,700.0,3.0,0.0,0.0,0.0,2.0,21.0,0.0,0.0,0.0,0.0,26.0
자양1동,0.57,23386.8973,1652.6082000000001,8451.0282,10357.544100000001,2925.7168,908.0,0.0,0.0,0.0,0.0,0.0,5.0,0.0,0.0,0.0,0.0,5.0
자양2동,1.68,22006.8276,1186.5095999999999,5286.8055,11762.876699999999,3770.6358,900.0,0.0,0.0,1.0,0.0,1.0,11.0,0.0,0.0,0.0,0.0,13.0
자양3동,1.2,24596.4569,1582.2397,6131.5337,12904.606199999998,3978.0773,781.0,0.0,0.0,0.0,1.0,1.0,17.0,0.0,0.0,0.0,0.0,19.0
자양4동,1.16,24616.3686,1274.3568,8649.7293,11249.1985,3443.084,925.0,0.0,0.0,0.0,0.0,0.0,7.0,0.0,0.0,0.0,0.0,7.0
회기동,0.76,17777.0863,1759.8632,9351.966900000001,4742.324799999999,1922.9314,305.0,0.0,0.0,0.0,0.0,0.0,3.0,0.0,0.0,0.0,0.0,3.0
휘경1동,0.63,19554.6624,1117.7554,8439.601,7698.114800000001,2299.1912,480.0,0.0,0.0,1.0,0.0,0.0,7.0,0.0,0.0,0.0,0.0,8.0
휘경2동,1.05,19558.1268,1353.7255,7469.7129,7782.7269000000015,2951.9615,892.0,0.0,0.0,0.0,0.0,0.0,11.0,0.0,0.0,0.0,0.0,11.0
청량리동,1.2,16016.4275,659.4253,3871.2638,7505.6455,3980.0929,1195.0,,,,,,,,,,,
용신동,1.61,34601.2817,1417.7316999999998,11207.2729,16659.3114,5316.9657,1611.0,0.0,0.0,0.0,0.0,0.0,10.0,0.0,0.0,0.0,0.0,10.0
제기동,1.18,27707.5517,1985.2971,10238.9401,10589.3102,4894.0043,1277.0,12.0,0.0,3.0,0.0,3.0,11.0,0.0,0.0,0.0,0.0,29.0
전농1동,1.19,31193.8604,2115.8487999999998,9404.2603,14779.960299999999,4893.791,1517.0,0.0,0.0,1.0,0.0,3.0,11.0,0.0,0.0,0.0,0.0,15.0
전농2동,0.86,12691.4965,932.0941,2683.2780000000002,6708.7116,2367.4128,823.0,0.0,0.0,2.0,0.0,0.0,9.0,0.0,0.0,0.0,0.0,11.0
답십리1동,0.81,22533.0901,1066.1353,5643.4574,12561.841300000002,3261.6561,1058.0,0.0,0.0,0.0,0.0,0.0,12.0,0.0,0.0,0.0,0.0,12.0
답십리2동,0.85,21789.3672,856.0044,4344.9106,12199.0546,4389.3976,1374.0,0.0,0.0,0.0,0.0,1.0,18.0,0.0,0.0,0.0,0.0,19.0
장안1동,1.25,33331.5611,1417.4326,8368.4894,18347.037800000002,5198.6013,1668.0,0.0,0.0,0.0,0.0,2.0,9.0,0.0,0.0,0.0,3.0,14.0
장안2동,1.09,25119.6803,1390.4270999999999,5532.7906,13994.156799999999,4202.3058,1376.0,4.0,0.0,0.0,0.0,3.0,12.0,0.0,0.0,1.0,2.0,22.0
이문1동,1.04,36931.3591,3543.7658,16685.771500000003,13377.606999999998,3324.2148,684.0,0.0,0.0,0.0,0.0,3.0,6.0,0.0,0.0,0.0,0.0,9.0
이문2동,0.69,13761.2869,904.7484,3496.1427000000003,6779.4089,2580.9869,963.0,0.0,0.0,1.0,0.0,0.0,10.0,0.0,0.0,0.0,0.0,11.0
면목2동,0.73,20108.4391,849.8751,4978.7837,10634.5331,3645.2472,1236.0,0.0,0.0,1.0,0.0,0.0,5.0,0.0,0.0,0.0,0.0,6.0
면목4동,1.1,15240.1937,622.6952,3376.5543,8111.123799999999,3129.8204,1210.0,0.0,0.0,1.0,0.0,1.0,10.0,0.0,0.0,0.0,0.0,12.0
면목5동,0.64,11199.5305,498.7804,2168.3283,6385.0021,2147.4197,619.0,0.0,0.0,0.0,0.0,0.0,5.0,0.0,0.0,0.0,0.0,5.0
면목7동,0.87,14913.182,584.9416,3392.2880999999998,7766.452799999999,3169.4995,1019.0,0.0,0.0,1.0,0.0,1.0,11.0,0.0,0.0,0.0,0.0,13.0
상봉1동,0.85,14771.9065,681.8803,3144.7379,8174.4911999999995,2770.7971,1368.0,0.0,0.0,0.0,0.0,1.0,11.0,0.0,0.0,0.0,0.0,12.0
상봉2동,0.68,22302.0994,847.1677,8222.0429,10315.108699999999,2917.7801,814.0,0.0,0.0,2.0,0.0,2.0,3.0,0.0,0.0,0.0,0.0,7.0
중화1동,0.68,16044.226,718.6642,3658.4211,8192.5707,3474.57,899.0,0.0,0.0,2.0,0.0,1.0,3.0,0.0,0.0,0.0,0.0,6.0
중화2동,0.98,23903.8617,881.9399000000001,5419.6152999999995,12772.580000000002,4829.7265,1408.0,0.0,0.0,0.0,0.0,0.0,4.0,0.0,0.0,0.0,0.0,4.0
묵1동,1.2,24050.1108,1206.1716000000001,5568.6365000000005,12422.928100000001,4852.3746,1374.0,0.0,0.0,1.0,1.0,1.0,15.0,0.0,0.0,0.0,0.0,18.0
묵2동,0.7,16387.3723,721.1157000000001,4385.7972,8371.824,2908.6354,902.0,0.0,0.0,0.0,0.0,1.0,5.0,0.0,0.0,0.0,0.0,6.0
망우3동,0.99,10707.4132,418.3199,2380.3523999999998,5629.4281,2279.3128,920.0,0.0,0.0,0.0,0.0,0.0,3.0,0.0,0.0,0.0,0.0,3.0
신내1동,2.53,28945.1322,1844.6625,5523.4980000000005,15944.0308,5632.9409,1948.0,0.0,0.0,1.0,0.0,0.0,22.0,0.0,0.0,0.0,0.0,23.0
신내2동,0.99,12766.6629,642.9926,2384.5141000000003,6963.082,2776.0742,1448.0,0.0,0.0,2.0,0.0,1.0,8.0,0.0,0.0,0.0,0.0,11.0
면목본동,1.01,29418.4164,1191.2049,7915.305700000001,15156.488300000003,5155.4175,1648.0,0.0,0.0,1.0,0.0,1.0,8.0,0.0,0.0,0.0,0.0,10.0
면목3.8동,1.67,20552.3281,762.6384,5218.7299,10445.0239,4125.9359,1260.0,0.0,0.0,2.0,0.0,1.0,8.0,0.0,0.0,0.0,0.0,11.0
망우본동,2.88,36013.6698,1775.3975,8067.449199999999,19325.7541,6845.069,1993.0,0.0,0.0,3.0,0.0,3.0,13.0,0.0,0.0,0.0,0.0,19.0
돈암1동,0.49,11092.5327,666.1601,2255.5037,5818.628199999999,2352.2407,594.0,0.0,0.0,0.0,0.0,0.0,9.0,0.0,0.0,0.0,0.0,9.0
돈암2동,0.48,14937.3688,1125.8265000000001,2915.6701000000003,8144.861899999999,2751.0103,669.0,0.0,0.0,0.0,0.0,0.0,9.0,0.0,0.0,0.0,0.0,9.0
안암동,1.33,25698.5308,3561.3364,13045.731500000002,6688.9899000000005,2402.473,542.0,0.0,0.0,0.0,1.0,1.0,6.0,0.0,0.0,0.0,0.0,8.0
보문동,0.56,14613.8551,653.1042,4337.2321,7178.234700000001,2445.2841,606.0,0.0,0.0,1.0,1.0,0.0,8.0,0.0,0.0,0.0,0.0,10.0
정릉1동,0.44,12445.9702,960.0835999999999,2295.993,6867.1711,2322.7225,636.0,0.0,0.0,0.0,0.0,1.0,12.0,0.0,0.0,0.0,0.0,13.0
정릉2동,1.17,17930.7897,1062.5059,3959.9884999999995,9545.4975,3362.7978,961.0,0.0,0.0,2.0,0.0,0.0,14.0,0.0,0.0,0.0,0.0,16.0
정릉3동,3.71,16154.8987,1977.2797,7449.468,4643.7142,2084.4368,614.0,0.0,0.0,0.0,0.0,0.0,5.0,0.0,0.0,0.0,0.0,5.0
정릉4동,3.13,16858.0246,1289.1308,3839.6626,8308.285899999999,3420.9453,1045.0,0.0,0.0,0.0,0.0,1.0,11.0,0.0,0.0,0.0,0.0,12.0
길음1동,0.79,31504.8763,3240.2462,5306.9915,18176.2021,4781.4365,1007.0,0.0,0.0,0.0,0.0,0.0,15.0,0.0,0.0,0.0,0.0,15.0
길음2동,0.58,15744.7761,1179.761,3065.3723,8757.149000000001,2742.4938,750.0,0.0,0.0,0.0,0.0,0.0,7.0,0.0,0.0,0.0,0.0,7.0
월곡1동,0.81,25615.3185,2230.5388000000003,5398.6564,13592.610700000001,4393.5126,1110.0,0.0,0.0,0.0,0.0,1.0,10.0,0.0,0.0,0.0,0.0,11.0
월곡2동,1.36,19896.9426,1276.9704,6011.6916,9033.355099999999,3574.9255,866.0,0.0,0.0,1.0,0.0,1.0,10.0,0.0,0.0,0.0,0.0,12.0
장위1동,0.7,20319.0924,1116.1132,4176.9391,11139.116899999999,3886.9232,1102.0,0.0,0.0,0.0,0.0,1.0,6.0,0.0,0.0,0.0,0.0,7.0
장위2동,0.67,14936.3505,732.3129,3464.454,7722.6734,3016.9102,680.0,0.0,0.0,0.0,0.0,0.0,3.0,0.0,0.0,0.0,0.0,3.0
장위3동,0.65,10032.0635,559.1542,2236.9988000000003,5496.0222,1739.8883,608.0,0.0,0.0,1.0,0.0,0.0,7.0,0.0,0.0,0.0,0.0,8.0
성북동,2.86,17718.9405,1232.9646,4218.9275,9057.8576,3209.1908,529.0,1.0,0.0,0.0,0.0,1.0,6.0,0.0,0.0,0.0,0.0,8.0
삼선동,0.92,26394.4857,1976.5867,8817.3064,12129.795,3470.7976,808.0,0.0,0.0,1.0,0.0,0.0,9.0,0.0,0.0,0.0,0.0,10.0
동선동,0.73,22569.64,2304.2772,9693.3078,8190.7998,2381.2552,501.0,0.0,0.0,0.0,0.0,1.0,7.0,0.0,0.0,1.0,0.0,9.0
종암동,1.46,38093.9278,2966.7781,10554.6142,18061.281,6511.2545,1540.0,3.0,1.0,1.0,0.0,0.0,19.0,0.0,0.0,0.0,0.0,24.0
석관동,1.73,25753.5632,1344.7698,6683.6139,12699.365199999998,5025.8143,1733.0,1.0,0.0,1.0,0.0,0.0,9.0,0.0,0.0,0.0,0.0,11.0
번1동,0.66,16906.8519,732.6599,5285.1026999999995,7953.3068,2935.7825,856.0,0.0,0.0,0.0,0.0,1.0,6.0,0.0,0.0,0.0,0.0,7.0
번2동,0.95,10364.5161,492.9858,2075.0163000000002,5272.3911,2524.1229,1293.0,0.0,0.0,0.0,0.0,2.0,9.0,0.0,0.0,0.0,0.0,11.0
번3동,1.1,13353.9816,605.6157000000001,2364.6189999999997,6815.9296,3567.8173,1934.0,0.0,0.0,1.0,0.0,1.0,12.0,0.0,0.0,0.0,0.0,14.0
수유1동,1.67,16396.4298,788.8199,4240.9635,7836.729500000001,3529.9169,1221.0,0.0,0.0,0.0,0.0,1.0,5.0,0.0,0.0,0.0,0.0,6.0
수유2동,0.57,15330.9983,684.0002999999999,3311.8432999999995,7709.0533,3626.1014,1112.0,0.0,0.0,0.0,0.0,2.0,8.0,0.0,0.0,0.0,0.0,10.0
수유3동,0.72,24358.4897,1174.9698,8382.7064,10936.570699999998,3864.2428,1147.0,0.0,0.0,0.0,0.0,1.0,3.0,0.0,0.0,0.0,0.0,4.0
삼양동,0.91,20448.5205,1150.9241,4187.2244,10837.4625,4272.9095,1349.0,0.0,0.0,0.0,0.0,2.0,0.0,0.0,0.0,0.0,0.0,2.0
미아동,0.93,19716.0231,959.5555999999999,5653.5851999999995,9107.111499999999,3995.7708,1107.0,6.0,0.0,1.0,1.0,1.0,47.0,0.0,0.0,0.0,0.0,56.0
송중동,1.01,27969.7288,1441.0731999999998,6423.4044,14207.7859,5897.4653,1393.0,0.0,0.0,0.0,0.0,1.0,0.0,0.0,0.0,0.0,0.0,1.0
송천동,0.9,21952.1994,1147.7460999999998,4222.2652,11427.974199999999,5154.2139,1390.0,0.0,0.0,0.0,0.0,2.0,0.0,0.0,0.0,0.0,0.0,2.0
삼각산동,0.62,19476.1322,1494.6783,3179.348,11386.2769,3415.829,1232.0,0.0,0.0,0.0,0.0,1.0,0.0,0.0,0.0,0.0,0.0,1.0
우이동,10.28,16217.2091,807.0778,3451.2497000000003,8298.5227,3660.3589,1052.0,1.0,0.0,0.0,0.0,1.0,6.0,0.0,0.0,0.0,0.0,8.0
인수동,3.28,24614.1467,1228.4367,4913.8987,12303.7972,6168.0141,1724.0,0.0,0.0,1.0,0.0,2.0,7.0,0.0,0.0,0.0,0.0,10.0
쌍문1동,1.24,16253.5873,1044.2567,3939.1229000000003,7817.0824,3453.1253,1139.0,0.0,0.0,1.0,0.0,1.0,11.0,0.0,0.0,0.0,0.0,13.0
쌍문2동,0.54,16372.0823,843.3101,3319.0474,8430.28,3779.4448,905.0,0.0,0.0,1.0,0.0,0.0,6.0,0.0,0.0,0.0,0.0,7.0
쌍문3동,0.5,15591.9443,944.445,3682.9017,7692.3868,3272.2108,818.0,0.0,0.0,0.0,0.0,0.0,5.0,0.0,0.0,0.0,0.0,5.0
쌍문4동,0.52,12022.6897,794.5214000000001,1907.6118,6493.4709,2827.0856,634.0,0.0,0.0,0.0,0.0,0.0,11.0,0.0,0.0,0.0,0.0,11.0
방학1동,0.69,20823.1876,1155.8513,4186.347400000001,10870.3843,4610.6046,1456.0,0.0,0.0,0.0,0.0,0.0,12.0,0.0,0.0,0.0,0.0,12.0
방학2동,0.74,10242.8889,466.3143,1718.8156,5298.9359,2758.8231,1249.0,0.0,0.0,2.0,0.0,1.0,5.0,0.0,0.0,0.0,0.0,8.0
방학3동,2.62,18065.0494,1243.359,2712.9383,9272.5618,4836.1903,1031.0,0.0,0.0,0.0,0.0,1.0,18.0,0.0,0.0,0.0,0.0,19.0
창1동,0.88,17956.2205,977.2754,3824.9532,9316.834799999999,3837.1571,957.0,0.0,0.0,0.0,0.0,1.0,7.0,0.0,0.0,0.0,0.0,8.0
창2동,1.05,33658.0618,2252.3057,8426.126,16542.8266,6436.8035,1309.0,0.0,0.0,0.0,0.0,0.0,9.0,0.0,0.0,0.0,0.0,9.0
창3동,0.67,9806.5756,549.9333,1834.9598,5217.831,2203.8515,779.0,0.0,0.0,1.0,0.0,1.0,6.0,0.0,0.0,0.0,0.0,8.0
창4동,0.95,25194.8629,1504.5369999999998,5034.0455,13494.347099999999,5161.9333,934.0,0.0,0.0,1.0,1.0,1.0,9.0,0.0,0.0,0.0,0.0,12.0
창5동,0.7,14267.6208,908.5852,3101.1334,7327.8468,2930.0554,996.0,0.0,0.0,0.0,0.0,0.0,14.0,0.0,0.0,0.0,0.0,14.0
도봉1동,8.72,15467.9043,546.7842,2711.8687,7759.751,4449.5004,1441.0,0.0,0.0,1.0,0.0,2.0,10.0,0.0,0.0,0.0,0.0,13.0
도봉2동,0.83,16732.2813,830.9294,2797.4705000000004,8614.265599999999,4489.6158,1457.0,0.0,0.0,0.0,0.0,1.0,13.0,0.0,0.0,0.0,0.0,14.0
월계1동,1.16,19060.6086,1591.5479,6390.324199999999,7925.5043000000005,3153.2322,937.0,0.0,0.0,1.0,0.0,1.0,16.0,0.0,0.0,0.0,0.0,18.0
월계2동,1.94,17686.357,1279.0749,3128.5472,9193.8274,4084.9075,2135.0,0.0,0.0,0.0,0.0,0.0,17.0,0.0,0.0,0.0,0.0,17.0
월계3동,1.17,21800.5354,1134.4442,4459.740600000001,11538.4164,4667.9342,1852.0,0.0,0.0,0.0,0.0,0.0,12.0,0.0,0.0,0.0,0.0,12.0
공릉2동,6.82,45245.8031,5324.5153,14121.5415,19519.872000000003,6279.8743,1338.0,0.0,0.0,1.0,0.0,1.0,24.0,0.0,0.0,0.0,0.0,26.0
하계1동,1.55,22289.0401,2038.8527,5011.095300000001,10779.1636,4459.9285,1925.0,0.0,0.0,1.0,0.0,2.0,11.0,0.0,0.0,0.0,0.0,14.0
하계2동,0.51,14242.1718,1119.373,2737.2563,8074.060799999999,2311.4817,963.0,0.0,0.0,0.0,0.0,1.0,6.0,0.0,0.0,0.0,0.0,7.0
중계본동,1.97,16077.9566,2202.4514,2423.8847,9321.367300000002,2130.2532,683.0,0.0,0.0,0.0,0.0,2.0,15.0,0.0,0.0,0.0,0.0,17.0
중계1동,0.63,23657.8187,3426.0304,3392.4175,13742.9216,3096.4492,683.0,0.0,0.0,0.0,0.0,0.0,9.0,0.0,0.0,0.0,0.0,9.0
중계4동,1.7,13494.2776,931.5518999999999,2543.8169000000003,7006.4677,3012.4411,1427.0,0.0,0.0,0.0,0.0,0.0,14.0,0.0,0.0,0.0,0.0,14.0
상계1동,5.62,31308.9262,1755.1361,5630.255499999999,16033.7112,7889.8234,1880.0,2.0,0.0,2.0,1.0,1.0,26.0,0.0,0.0,3.0,2.0,37.0
상계2동,0.61,22754.02,1819.466,5607.6244,10978.0773,4348.8523,864.0,6.0,0.0,1.0,0.0,4.0,13.0,0.0,0.0,1.0,0.0,25.0
상계5동,1.01,17100.1749,1007.0756,3190.6317,8892.9679,4009.4997,1293.0,3.0,0.0,0.0,0.0,1.0,10.0,0.0,0.0,4.0,1.0,19.0
상계8동,0.67,20316.1003,1181.4292,4704.6109,10904.8146,3525.2456,726.0,0.0,0.0,0.0,0.0,1.0,3.0,0.0,0.0,4.0,0.0,8.0
상계9동,0.81,11217.74,791.5772999999999,2193.7472,6041.9054,2190.5101,713.0,6.0,0.0,0.0,0.0,0.0,4.0,0.0,0.0,0.0,0.0,10.0
상계10동,0.8,11029.666,652.3625999999999,2392.6259999999997,5825.4772,2159.2002,557.0,2.0,0.0,1.0,0.0,0.0,5.0,0.0,0.0,1.0,0.0,9.0
상계3.4동,5.05,18681.5647,1070.9949,3240.4148999999998,9966.5113,4403.6436,1662.0,0.0,0.0,0.0,0.0,1.0,16.0,0.0,0.0,0.0,0.0,17.0
상계6.7동,1.11,36987.7399,2131.0596,8306.4148,19846.7137,6703.5518,1209.0,0.0,0.0,0.0,0.0,0.0,10.0,0.0,0.0,0.0,0.0,10.0
중계2.3동,0.9,28414.6967,1891.944,5321.4042,15335.863299999999,5865.4852,2874.0,0.0,0.0,0.0,0.0,0.0,10.0,0.0,0.0,0.0,0.0,10.0
공릉1동,1.41,36317.4733,2156.8047,10674.0291,16590.959899999998,6895.6796,2086.0,0.0,0.0,0.0,0.0,1.0,18.0,0.0,0.0,0.0,0.0,19.0
녹번동,1.79,30030.245,1454.3987,6943.914699999999,15757.1328,5874.7988,1620.0,4.0,1.0,1.0,0.0,2.0,11.0,0.0,0.0,1.0,1.0,21.0
불광1동,3.13,24120.8005,1133.3017,5301.6874,12533.6376,5152.1738,1636.0,0.0,0.0,3.0,0.0,2.0,19.0,0.0,0.0,0.0,0.0,24.0
갈현1동,0.97,15902.2517,644.0835,4099.326000000001,8042.4494,3116.3928,680.0,0.0,0.0,3.0,0.0,3.0,4.0,0.0,0.0,0.0,0.0,10.0
갈현2동,0.96,21940.389,1094.3415,5352.1795,11443.0925,4050.7755,1280.0,0.0,0.0,0.0,0.0,0.0,7.0,0.0,0.0,0.0,0.0,7.0
구산동,1.38,25139.3149,1441.4711,5138.4743,13358.392100000001,5200.9774,2133.0,2.0,0.0,1.0,0.0,1.0,10.0,0.0,1.0,4.0,3.0,22.0
대조동,0.85,49968.6675,2804.2258,12417.1208,26839.774599999997,7907.5463,1220.0,0.0,0.0,2.0,0.0,2.0,4.0,0.0,0.0,0.0,1.0,9.0
응암1동,1.2,21503.5119,1124.8369,5097.4722,11838.0258,3443.177,1336.0,0.0,0.0,1.0,0.0,1.0,7.0,0.0,0.0,0.0,0.0,9.0
응암2동,0.78,16203.1808,916.8473,2772.9413,9811.546,2701.8462,963.0,0.0,0.0,1.0,0.0,1.0,11.0,0.0,0.0,0.0,0.0,13.0
신사1동,0.84,20894.0022,1055.6487,4697.7582,11206.316700000001,3934.2786,1240.0,0.0,0.0,0.0,0.0,0.0,0.0,0.0,0.0,0.0,0.0,0.0
신사2동,1.0,15205.9287,823.2557999999999,3221.7336,7938.1414,3222.7979,895.0,0.0,0.0,0.0,0.0,0.0,0.0,0.0,0.0,0.0,0.0,0.0
증산동,0.81,11291.0113,599.7032,2422.3860999999997,6294.265399999999,1974.6566,701.0,0.0,0.0,1.0,0.0,2.0,10.0,0.0,0.0,1.0,1.0,15.0
수색동,1.29,14594.5774,611.9031,3232.4621,8614.0334,2136.1788,825.0,0.0,0.0,0.0,0.0,0.0,11.0,0.0,0.0,0.0,1.0,12.0
진관동,11.53,48780.2999,4347.6848,9600.3871,25856.166,8976.062,1916.0,2.0,0.0,2.0,0.0,0.0,39.0,0.0,0.0,0.0,0.0,43.0
불광2동,1.38,19509.6445,767.6277,4392.858,9987.826000000001,4361.3328,1441.0,0.0,0.0,0.0,0.0,1.0,8.0,0.0,0.0,0.0,0.0,9.0
응암3동,0.63,21913.5967,954.1886,5195.6831,11545.564499999999,4218.1605,1297.0,0.0,0.0,3.0,0.0,2.0,2.0,0.0,0.0,0.0,0.0,7.0
역촌동,1.16,39125.6869,1934.9411,8610.994999999999,21238.2419,7341.5089,2141.0,3.0,0.0,3.0,0.0,3.0,4.0,0.0,0.0,3.0,0.0,16.0
천연동,0.97,14400.2502,1282.9117,2813.0654,7786.5301,2517.743,670.0,1.0,0.0,2.0,0.0,1.0,10.0,0.0,0.0,0.0,0.0,14.0
홍제1동,1.23,22610.8004,1394.4472,4864.7099,11622.752,4728.8913,962.0,0.0,0.0,0.0,0.0,0.0,12.0,0.0,0.0,0.0,0.0,12.0
홍제2동,1.05,11836.0883,509.50159999999994,2287.9827999999998,6628.4146,2410.1893,553.0,0.0,0.0,1.0,0.0,0.0,8.0,0.0,0.0,1.0,0.0,10.0
홍제3동,0.81,13826.9938,730.5771,2784.6232,7187.097699999999,3124.6958,849.0,0.0,0.0,0.0,0.0,2.0,10.0,0.0,0.0,1.0,0.0,13.0
홍은1동,1.58,15631.2172,823.7891999999999,3203.8995,8511.1414,3092.3871,989.0,0.0,0.0,0.0,0.0,0.0,12.0,0.0,0.0,0.0,0.0,12.0
홍은2동,2.06,21459.9207,1379.1085,5040.018099999999,10849.603399999998,4191.1907,1236.0,0.0,0.0,0.0,0.0,0.0,12.0,0.0,0.0,0.0,0.0,12.0
남가좌1동,0.51,8056.6528,596.5208,1437.0328,4896.9842,1126.115,529.0,0.0,0.0,0.0,0.0,0.0,4.0,0.0,0.0,0.0,0.0,4.0
남가좌2동,0.77,20084.8918,1482.3998000000001,6082.7948,9513.2552,3006.442,1163.0,0.0,0.0,0.0,0.0,0.0,11.0,0.0,0.0,0.0,0.0,11.0
북가좌1동,0.55,13113.4195,915.8951,2125.5864,7828.966500000001,2242.9715,677.0,0.0,0.0,0.0,0.0,0.0,9.0,0.0,0.0,0.0,0.0,9.0
북가좌2동,0.84,25390.6815,1295.9805999999999,6255.3259,12968.0366,4871.3384,1459.0,4.0,0.0,2.0,0.0,0.0,8.0,0.0,0.0,2.0,0.0,16.0
충현동,1.12,27509.0741,1756.804,7204.1632,14466.4255,4081.6814,693.0,0.0,0.0,0.0,0.0,0.0,4.0,0.0,0.0,0.0,0.0,4.0
북아현동,0.46,43792.0299,1735.2182,10738.8345,26080.2408,5237.7364,516.0,0.0,0.0,2.0,0.0,2.0,9.0,0.0,0.0,3.0,0.0,16.0
신촌동,2.63,50550.4575,5375.8181,29761.393200000002,12285.1521,3128.0941,434.0,0.0,0.0,0.0,1.0,1.0,4.0,0.0,0.0,0.0,0.0,6.0
연희동,3.05,37468.4347,2060.1233,14636.516700000002,15971.797,4799.9977,1117.0,5.0,0.0,3.0,0.0,3.0,9.0,0.0,0.0,0.0,1.0,21.0
용강동,0.84,21430.6874,1183.2882,4349.5787,12925.8524,2971.9681,599.0,0.0,0.0,1.0,0.0,0.0,4.0,0.0,0.0,0.0,0.0,5.0
대흥동,0.87,18171.8182,1377.8226,8009.1276,7000.0737,1784.7943,423.0,0.0,0.0,1.0,0.0,2.0,9.0,0.0,0.0,0.0,0.0,12.0
염리동,0.44,16621.8986,1027.2814,4193.9811,9439.9105,1960.7256,517.0,1.0,0.0,0.0,0.0,2.0,8.0,0.0,0.0,1.0,0.0,12.0
신수동,0.78,15277.3507,874.6437000000001,4186.447700000001,7856.7063,2359.553,680.0,0.0,0.0,1.0,0.0,1.0,15.0,0.0,0.0,0.0,0.0,17.0
서교동,1.65,52122.3877,4239.2366999999995,24174.855600000003,20118.929,3589.3664,628.0,0.0,0.0,0.0,0.0,2.0,4.0,0.0,0.0,0.0,0.0,6.0
합정동,1.72,14731.1186,481.9452,5344.0988,7240.303400000001,1664.7712,531.0,0.0,0.0,0.0,1.0,0.0,3.0,0.0,0.0,0.0,0.0,4.0
망원1동,1.13,20015.0096,726.8471,6204.5641,10147.283199999998,2936.3152,734.0,0.0,0.0,1.0,0.0,1.0,4.0,0.0,0.0,0.0,0.0,6.0
망원2동,0.67,15256.7503,636.1918000000001,3936.523,8241.0039,2443.0316,736.0,0.0,0.0,0.0,0.0,0.0,5.0,0.0,0.0,0.0,0.0,5.0
연남동,0.64,16131.3029,587.6813,5972.438499999999,7492.074199999999,2079.1089,460.0,0.0,0.0,0.0,0.0,0.0,5.0,0.0,0.0,0.0,0.0,5.0
성산1동,0.8,19578.6113,837.6080999999999,5633.7094,10653.3181,2453.9757,657.0,0.0,0.0,0.0,0.0,1.0,4.0,0.0,0.0,2.0,0.0,7.0
성산2동,2.07,31522.5584,1438.9356,9385.2824,16443.610800000002,4254.7296,1856.0,1.0,0.0,0.0,0.0,1.0,20.0,0.0,0.0,1.0,0.0,23.0
상암동,8.4,33982.6547,2058.2133,8071.7497,19163.4559,4689.2358,1133.0,0.0,1.0,1.0,0.0,1.0,16.0,0.0,1.0,1.0,2.0,23.0
도화동,0.62,13620.8287,762.6714,3178.4871000000003,7378.6628,2301.0074,703.0,0.0,0.0,0.0,0.0,0.0,13.0,0.0,0.0,0.0,0.0,13.0
서강동,1.45,26549.4566,2124.2117,9566.916000000001,11741.153999999999,3117.1749,654.0,0.0,0.0,1.0,0.0,1.0,13.0,0.0,0.0,0.0,0.0,15.0
공덕동,1.01,32442.3239,1309.933,8497.8136,17910.882100000003,4723.6952,1364.0,2.0,1.0,1.0,0.0,1.0,24.0,0.0,0.0,2.0,0.0,31.0
아현동,0.76,22241.8032,1210.9945,4569.3904,13187.6297,3273.7886,713.0,0.0,0.0,2.0,0.0,1.0,9.0,0.0,0.0,0.0,0.0,12.0
목1동,1.41,24953.1765,2525.8081,3729.4601,15156.561199999998,3541.3471,697.0,0.0,0.0,1.0,0.0,1.0,12.0,0.0,0.0,0.0,0.0,14.0
목2동,1.03,20693.558,987.4753,5424.032999999999,10858.825700000001,3423.224,1015.0,0.0,0.0,0.0,0.0,2.0,11.0,0.0,0.0,0.0,0.0,13.0
목3동,0.53,16857.8259,799.1629,4115.3134,8722.8719,3220.4777,876.0,0.0,0.0,3.0,0.0,3.0,5.0,0.0,0.0,0.0,0.0,11.0
목4동,0.57,17465.4161,1671.7017,3843.5788999999995,9404.6602,2545.4753,837.0,0.0,0.0,1.0,0.0,0.0,5.0,0.0,0.0,0.0,0.0,6.0
목5동,1.81,34958.9583,4546.696,4877.8848,20146.074699999997,5388.3028,709.0,0.0,0.0,2.0,0.0,3.0,9.0,0.0,0.0,0.0,0.0,14.0
신월1동,0.65,14259.5494,490.7685,3021.3498,7659.001000000001,3088.4301,1258.0,0.0,0.0,0.0,0.0,1.0,3.0,0.0,0.0,0.0,0.0,4.0
신월2동,0.61,10944.1007,646.255,2098.2144,5998.056500000001,2201.5748,993.0,0.0,0.0,1.0,0.0,2.0,10.0,0.0,0.0,0.0,0.0,13.0
신월3동,0.87,11032.5232,489.19960000000003,2362.5582,5939.1121,2241.6533,1011.0,0.0,0.0,1.0,0.0,2.0,4.0,0.0,0.0,0.0,0.0,7.0
신월4동,0.52,10992.9978,686.2551000000001,1982.5607,6012.7218,2311.4602,959.0,0.0,0.0,0.0,0.0,2.0,11.0,0.0,0.0,0.0,0.0,13.0
신월5동,0.69,10303.7471,478.4848,2211.2083000000002,5573.0643,2040.9897,717.0,0.0,0.0,0.0,0.0,1.0,6.0,0.0,0.0,0.0,0.0,7.0
신월6동,0.41,2918.1844,134.3716,526.1156,1636.7013,620.9959,484.0,0.0,0.0,1.0,0.0,1.0,9.0,0.0,0.0,0.0,0.0,11.0
신월7동,1.19,13245.1915,562.7719999999999,2527.1601,7017.0554,3138.204,1131.0,0.0,0.0,1.0,0.0,0.0,8.0,0.0,0.0,0.0,0.0,9.0
신정1동,0.7,13343.262,1259.4735,2009.2118,7970.247800000001,2104.3289,533.0,0.0,0.0,0.0,0.0,0.0,5.0,0.0,0.0,0.0,0.0,5.0
신정2동,0.52,13626.0319,1620.2251,2004.1863999999998,7865.2622,2136.3582,704.0,0.0,0.0,0.0,0.0,1.0,11.0,0.0,0.0,0.0,0.0,12.0
신정4동,1.01,32579.795,1894.7876,8011.5085,16863.0153,5810.4836,1621.0,0.0,0.0,0.0,0.0,1.0,5.0,0.0,0.0,0.0,0.0,6.0
신정3동,2.72,35970.3104,2788.973,6666.254,19697.019300000004,6818.0641,2211.0,0.0,0.0,0.0,0.0,2.0,25.0,0.0,0.0,0.0,0.0,27.0
신정6동,0.96,16255.9813,1577.0176000000001,2199.7160999999996,9586.8534,2892.3942,441.0,0.0,0.0,1.0,1.0,1.0,4.0,0.0,0.0,0.0,0.0,7.0
신정7동,1.21,17607.295,1558.2388,2517.6666999999998,9793.178100000001,3738.2114,1391.0,0.0,0.0,1.0,0.0,0.0,11.0,0.0,0.0,0.0,0.0,12.0
염창동,1.74,27831.487,1836.1646,6358.0605,16094.2466,3543.0153,1040.0,0.0,0.0,0.0,0.0,1.0,0.0,0.0,0.0,0.0,0.0,1.0
등촌1동,0.64,19502.315,565.0743,6082.7118,10138.384100000001,2716.1448,733.0,0.0,0.0,1.0,0.0,3.0,0.0,0.0,0.0,0.0,0.0,4.0
등촌2동,0.92,16722.1256,749.6111,4284.2498,8845.4538,2842.8109,707.0,0.0,0.0,0.0,0.0,1.0,0.0,0.0,0.0,0.0,0.0,1.0
등촌3동,0.79,29598.6305,1474.9268,7255.5282,14802.7898,6065.3857,3553.0,0.0,0.0,2.0,0.0,4.0,0.0,0.0,0.0,0.0,0.0,6.0
화곡본동,0.98,28029.2889,1313.2379999999998,7576.3895,14411.506599999999,4728.1548,1408.0,0.0,0.0,2.0,0.0,2.0,5.0,0.0,0.0,0.0,0.0,9.0
화곡2동,0.45,12492.098,564.8367000000001,2970.7501,6529.7388,2426.7724,772.0,0.0,0.0,0.0,0.0,1.0,2.0,0.0,0.0,0.0,0.0,3.0
화곡3동,0.53,16981.5311,904.0189,4285.099700000001,8312.2003,3480.2122,805.0,0.0,0.0,1.0,0.0,1.0,5.0,0.0,0.0,0.0,0.0,7.0
화곡4동,0.82,13737.1415,664.7411999999999,3224.7266,7186.110500000001,2661.5632,966.0,0.0,0.0,0.0,0.0,0.0,4.0,0.0,0.0,0.0,0.0,4.0
화곡6동,1.11,19764.3939,797.3192,5781.121800000001,10163.2621,3022.6908,997.0,0.0,0.0,2.0,0.0,3.0,7.0,0.0,0.0,0.0,0.0,12.0
화곡8동,0.53,41276.2288,2058.9071,10178.625199999999,22543.267,6495.4295,1012.0,0.0,0.0,1.0,0.0,2.0,5.0,0.0,0.0,0.0,0.0,8.0
가양1동,4.7,30697.9329,1111.9326,10423.8514,15795.4069,3366.742,751.0,0.0,0.0,1.0,0.0,1.0,16.0,0.0,0.0,0.0,0.0,18.0
가양2동,1.0,11493.4799,432.86839999999995,2228.6982,5374.0466,3457.8667,2267.0,0.0,0.0,0.0,0.0,1.0,6.0,0.0,0.0,0.0,0.0,7.0
가양3동,0.5,11556.0298,273.7358,2574.4777000000004,6093.2417000000005,2614.5746,1511.0,0.0,0.0,0.0,0.0,0.0,8.0,0.0,0.0,0.0,0.0,8.0
발산1동,2.94,25729.043,2856.1628,5036.593000000001,13743.9375,4092.3497,1509.0,0.0,0.0,0.0,0.0,1.0,12.0,0.0,0.0,0.0,0.0,13.0
공항동,10.87,26689.8956,1289.1966,6257.523499999999,14987.0596,4156.1159,1244.0,0.0,0.0,0.0,0.0,2.0,10.0,0.0,0.0,0.0,1.0,13.0
방화1동,1.48,30855.4884,1624.2509,5848.5672,17602.4554,5780.2149,1760.0,0.0,0.0,2.0,1.0,3.0,25.0,0.0,0.0,0.0,0.0,31.0
방화2동,6.41,19369.8986,651.2411999999999,4731.121499999999,10419.9849,3567.551,1582.0,0.0,0.0,2.0,0.0,1.0,11.0,0.0,0.0,0.0,0.0,14.0
방화3동,2.55,16689.276,694.0056,3041.4856,9027.115600000001,3926.6692,1888.0,0.0,0.0,0.0,0.0,2.0,16.0,0.0,0.0,0.0,0.0,18.0
화곡1동,1.12,43071.2925,1357.3401,12852.2686,21432.895,7428.7888,2173.0,0.0,0.0,2.0,0.0,2.0,7.0,0.0,0.0,0.0,0.0,11.0
우장산동,1.36,30954.5502,2548.7291999999998,6906.6618,16565.219,4933.9402,1268.0,,,,,,,,,,,
신도림동,1.47,24028.6052,1565.9142,5492.0504,13468.289600000002,3502.351,965.0,0.0,0.0,0.0,0.0,0.0,19.0,0.0,0.0,1.0,0.0,20.0
구로1동,1.02,15286.0143,923.5783,3184.8891000000003,8846.0224,2331.5245,539.0,0.0,0.0,0.0,0.0,2.0,13.0,0.0,0.0,0.0,0.0,15.0
구로2동,1.76,27635.0036,917.3614,5729.2196,15862.281200000001,5126.1414,1571.0,0.0,0.0,0.0,0.0,2.0,16.0,0.0,0.0,0.0,0.0,18.0
구로3동,1.02,28724.6378,849.8638000000001,9129.7778,15177.939899999998,3567.0563,938.0,0.0,0.0,0.0,0.0,1.0,10.0,0.0,0.0,0.0,0.0,11.0
구로4동,0.46,16570.1316,461.0683,3220.7919,9667.8226,3220.4488,1327.0,0.0,0.0,0.0,0.0,2.0,13.0,0.0,0.0,0.0,0.0,15.0
구로5동,1.03,27473.3443,825.2314,8043.8269,14505.823799999998,4098.4622,1191.0,0.0,0.0,1.0,0.0,1.0,17.0,0.0,0.0,0.0,0.0,19.0
고척1동,1.16,21016.5172,1367.7064,4672.6835,11148.5079,3827.6194,1148.0,0.0,0.0,0.0,0.0,1.0,18.0,0.0,0.0,0.0,0.0,19.0
고척2동,1.02,15432.5306,957.0935,2861.9404000000004,8531.7777,3081.719,1400.0,0.0,0.0,0.0,0.0,4.0,12.0,0.0,0.0,0.0,0.0,16.0
개봉2동,0.8,23337.254,1096.7921000000001,5414.296899999999,12299.7549,4526.4101,1456.0,0.0,0.0,0.0,0.0,1.0,12.0,0.0,0.0,0.0,0.0,13.0
개봉3동,0.81,17993.2868,1070.1057,3577.0802999999996,9762.6189,3583.4819,1112.0,0.0,0.0,0.0,0.0,2.0,5.0,0.0,0.0,0.0,0.0,7.0
오류1동,0.59,19010.234,1006.2938999999999,5716.9217,9179.667700000002,3107.3507,1171.0,0.0,0.0,0.0,1.0,2.0,15.0,0.0,0.0,0.0,0.0,18.0
오류2동,3.2,43969.6239,3044.6688000000004,8908.4886,24109.502099999998,7906.9644,2199.0,0.0,0.0,0.0,0.0,1.0,22.0,0.0,0.0,0.0,0.0,23.0
수궁동,2.67,18473.2516,1632.7375000000002,3624.0974,9562.765200000002,3653.6515,1316.0,0.0,0.0,1.0,0.0,0.0,10.0,0.0,0.0,0.0,0.0,11.0
가리봉동,0.4,11014.8577,129.6694,3574.6441999999997,6071.9042,1238.6399,575.0,1.0,0.0,0.0,0.0,1.0,3.0,0.0,0.0,2.0,2.0,9.0
개봉1동,1.31,26550.5188,1212.5230000000001,5518.3954,14570.8837,5248.7167,1707.0,0.0,0.0,0.0,0.0,0.0,14.0,0.0,0.0,0.0,0.0,14.0
항동,1.4,,,,,,613.0,0.0,0.0,0.0,0.0,0.0,9.0,0.0,0.0,0.0,0.0,9.0
가산동,2.52,38078.8439,648.2203,15124.389299999999,19118.708400000003,3187.5259,760.0,2.0,0.0,0.0,0.0,0.0,7.0,0.0,0.0,1.0,4.0,14.0
독산1동,2.09,37394.1772,1073.5588,12959.6,18699.9527,4661.0657,2096.0,7.0,0.0,6.0,0.0,1.0,22.0,0.0,0.0,1.0,2.0,39.0
독산2동,0.6,12636.0156,425.999,3014.1407,6858.420499999999,2337.4554,1007.0,6.0,0.0,1.0,0.0,1.0,2.0,0.0,0.0,0.0,0.0,10.0
독산3동,0.92,15637.7709,408.4146,3660.6576999999997,8507.6324,3061.0662,1299.0,1.0,0.0,0.0,0.0,0.0,7.0,0.0,0.0,0.0,0.0,8.0
독산4동,0.59,11841.9683,407.5158,2696.4867999999997,6569.3415,2168.6242,846.0,1.0,0.0,2.0,0.0,1.0,4.0,0.0,0.0,0.0,3.0,11.0
시흥1동,1.71,23293.391,1061.3929,5429.8931999999995,12608.715500000002,4193.3894,1768.0,6.0,0.0,2.0,1.0,2.0,10.0,0.0,0.0,0.0,0.0,21.0
시흥2동,1.26,13342.9625,1007.6804,2134.5166,7235.620800000001,2965.1447,1181.0,0.0,1.0,2.0,0.0,1.0,10.0,0.0,0.0,1.0,0.0,15.0
시흥3동,1.07,8681.0949,434.06559999999996,1594.3883,4689.1331,1963.5079,538.0,0.0,0.0,0.0,0.0,0.0,4.0,0.0,0.0,1.0,0.0,5.0
시흥4동,0.87,10597.1934,532.3328,2028.8036,5727.3914,2308.6656,1180.0,1.0,0.0,1.0,0.0,2.0,6.0,0.0,0.0,2.0,0.0,12.0
시흥5동,1.39,10336.3593,602.504,2075.7691,5530.6387,2127.4475,1318.0,0.0,1.0,1.0,0.0,1.0,6.0,0.0,0.0,0.0,0.0,9.0
여의동,8.4,52077.6903,2139.6409000000003,11504.497800000001,31242.093799999995,7191.4578,815.0,0.0,0.0,1.0,0.0,1.0,7.0,0.0,0.0,0.0,0.0,9.0
당산1동,0.75,20429.8964,772.8306,6595.6341,10244.979500000001,2816.4522,794.0,0.0,0.0,0.0,0.0,1.0,13.0,0.0,0.0,0.0,0.0,14.0
당산2동,1.55,47119.8795,2183.1742000000004,14866.4465,24713.489,5356.7698,903.0,0.0,0.0,0.0,0.0,0.0,17.0,0.0,0.0,0.0,0.0,17.0
양평1동,0.88,17117.7375,612.8678,5328.8455,9027.9059,2148.1183,662.0,0.0,0.0,0.0,0.0,1.0,13.0,0.0,0.0,0.0,0.0,14.0
양평2동,3.0,20095.0091,825.6466,6173.6649,10943.041799999999,2152.6558,578.0,0.0,0.0,0.0,0.0,2.0,12.0,0.0,0.0,0.0,0.0,14.0
신길1동,0.66,18522.8122,648.4785999999999,5785.6109,9146.664799999999,2942.0579,896.0,0.0,0.0,0.0,0.0,1.0,8.0,0.0,0.0,0.0,0.0,9.0
신길3동,0.52,13420.9932,609.0159000000001,3033.5802,7267.7567,2510.6404,835.0,0.0,0.0,1.0,0.0,3.0,7.0,0.0,0.0,0.0,0.0,11.0
신길4동,0.38,7234.675,255.2067,1593.7740000000001,3925.2787000000003,1460.4156,632.0,0.0,0.0,1.0,0.0,2.0,4.0,0.0,0.0,0.0,0.0,7.0
신길5동,0.47,8364.5394,343.7809,1634.3977,4830.2201000000005,1556.1407,554.0,0.0,0.0,0.0,0.0,1.0,7.0,0.0,0.0,0.0,0.0,8.0
신길6동,0.65,20554.1139,1031.0779,5161.7943,10946.796699999999,3414.445,754.0,0.0,0.0,0.0,0.0,2.0,9.0,0.0,0.0,0.0,0.0,11.0
신길7동,0.64,15726.0704,1026.9986,3503.6906,8861.1947,2334.1865,565.0,0.0,0.0,0.0,0.0,1.0,6.0,0.0,0.0,0.0,0.0,7.0
대림1동,0.49,12784.9958,429.8153,2604.5691,7372.6093,2378.0021,896.0,0.0,0.0,1.0,0.0,1.0,8.0,0.0,0.0,0.0,0.0,10.0
대림2동,0.55,16025.4341,401.1436,3528.2555,9632.086599999999,2463.9484,849.0,11.0,1.0,0.0,0.0,1.0,6.0,0.0,0.0,0.0,0.0,19.0
대림3동,0.95,22252.3555,716.2609,4871.432,12882.6318,3782.0308,1230.0,2.0,0.0,0.0,1.0,0.0,12.0,0.0,0.0,0.0,1.0,16.0
영등포본동,1.02,17425.5553,651.8494000000001,4825.2703,9105.253400000001,2843.1822,1053.0,0.0,0.0,0.0,0.0,1.0,4.0,0.0,0.0,0.0,0.0,5.0
영등포동,1.26,39227.5803,1147.0076,15870.4258,18698.5648,3511.5821,968.0,0.0,0.0,1.0,1.0,4.0,12.0,0.0,0.0,0.0,0.0,18.0
도림동,0.89,15730.5341,490.5998,3845.1471,8784.5213,2610.2659,906.0,1.0,0.0,0.0,0.0,1.0,7.0,0.0,0.0,1.0,0.0,10.0
문래동,1.49,24510.8651,1142.3217,5238.4466,14333.567799999999,3796.529,887.0,0.0,0.0,2.0,0.0,1.0,27.0,0.0,0.0,0.0,0.0,30.0
노량진2동,0.64,13499.3844,581.6575,4755.7428,6205.973,1956.0111,411.0,0.0,0.0,0.0,0.0,0.0,1.0,0.0,0.0,0.0,0.0,1.0
상도1동,1.51,46240.8084,3696.3217,16881.9174,18578.663399999998,7083.9059,1465.0,2.0,0.0,3.0,0.0,3.0,15.0,0.0,0.0,1.0,0.0,24.0
상도2동,0.98,17731.7145,954.9942,4868.1624,9118.0078,2790.5501,899.0,1.0,0.0,0.0,0.0,1.0,12.0,0.0,0.0,1.0,1.0,16.0
상도3동,0.6,17883.6213,849.5386,4939.0784,8812.3349,3282.6694,1142.0,1.0,0.0,0.0,0.0,0.0,6.0,0.0,0.0,0.0,0.0,7.0
상도4동,0.75,22591.9883,977.6497,5738.558999999999,11853.0782,4022.7014,1327.0,1.0,0.0,0.0,0.0,0.0,8.0,0.0,0.0,0.0,0.0,9.0
사당1동,0.79,20181.1594,660.5607,7282.3493,9294.9838,2943.2656,741.0,0.0,0.0,1.0,0.0,0.0,3.0,0.0,0.0,0.0,0.0,4.0
사당3동,0.92,17483.3028,812.4167,3794.9055,9238.6647,3637.3159,765.0,0.0,0.0,0.0,0.0,0.0,12.0,0.0,0.0,0.0,0.0,12.0
사당4동,0.38,14321.1706,548.5416,4249.7546,7032.4158,2490.4586,534.0,0.0,0.0,0.0,0.0,0.0,6.0,0.0,0.0,0.0,0.0,6.0
사당5동,0.57,11062.6785,639.3624,2661.2695,5920.107800000001,1841.9388,527.0,0.0,0.0,1.0,0.0,1.0,6.0,0.0,0.0,0.0,0.0,8.0
대방동,1.55,37731.3556,2607.9332999999997,10911.8087,18707.052399999997,5504.5612,1498.0,0.0,0.0,1.0,0.0,1.0,16.0,0.0,0.0,1.0,1.0,20.0
신대방1동,0.62,20302.2769,1214.2800000000002,5285.8435,10668.269600000001,3133.8838,840.0,0.0,0.0,0.0,0.0,1.0,10.0,0.0,0.0,0.0,0.0,11.0
신대방2동,1.03,19932.4732,944.2864999999999,5823.8858,9852.7424,3311.5585,768.0,0.0,0.0,0.0,0.0,1.0,6.0,0.0,0.0,0.0,0.0,7.0
흑석동,1.68,30047.2858,2963.7821000000004,10025.1229,12895.8171,4162.5637,982.0,0.0,0.0,0.0,0.0,3.0,15.0,0.0,0.0,0.0,0.0,18.0
노량진1동,1.58,32091.4473,1434.6896000000002,13576.7557,13231.874,3848.128,1225.0,0.0,0.0,1.0,0.0,2.0,20.0,0.0,0.0,0.0,0.0,23.0
사당2동,2.75,29611.7867,1564.478,6871.8336,15681.8157,5493.6594,914.0,0.0,0.0,0.0,0.0,0.0,14.0,0.0,0.0,0.0,0.0,14.0
보라매동,0.76,16778.6924,579.8473,5695.6299,7933.2255000000005,2569.9897,1079.0,0.0,0.0,1.0,0.0,0.0,3.0,0.0,0.0,0.0,0.0,4.0
청림동,0.3,12556.1573,636.9440999999999,2582.0872,6982.634800000002,2354.4912,634.0,0.0,0.0,1.0,0.0,0.0,5.0,0.0,0.0,0.0,0.0,6.0
행운동,0.72,26437.6045,1042.8506,11128.591,10864.5903,3401.5726,1002.0,0.0,0.0,0.0,2.0,0.0,7.0,0.0,0.0,4.0,1.0,14.0
낙성대동,2.27,25866.4862,3152.3172,12924.8135,8001.2512,1788.1043,443.0,0.0,0.0,0.0,0.0,0.0,3.0,0.0,0.0,0.0,0.0,3.0
중앙동,0.39,13790.0564,430.759,6249.3876,5360.7829,1749.1269,564.0,0.0,0.0,0.0,0.0,1.0,3.0,0.0,0.0,0.0,0.0,4.0
인헌동,1.08,24521.8706,1053.0158,9442.5572,10751.403300000002,3274.8943,900.0,0.0,0.0,0.0,0.0,1.0,6.0,0.0,0.0,0.0,0.0,7.0
남현동,3.27,21349.3602,772.1364,7584.866800000001,9493.8534,3498.5036,573.0,,,,,,,,,,,
서원동,0.65,21233.741,574.1595,9470.340100000001,8537.5039,2651.7375,806.0,0.0,0.0,0.0,0.0,2.0,0.0,0.0,0.0,0.0,0.0,2.0
신원동,0.55,16067.4613,446.52869999999996,6799.9726,6755.0172999999995,2065.9427,849.0,0.0,0.0,0.0,0.0,2.0,1.0,0.0,0.0,0.0,0.0,3.0
서림동,0.99,19726.5988,909.7754,8082.536,8214.2908,2519.9966,886.0,0.0,0.0,0.0,0.0,1.0,0.0,0.0,0.0,0.0,0.0,1.0
신사동,0.64,22309.3604,669.2031999999999,9473.974,9239.9918,2926.1914,927.0,3.0,0.0,2.0,1.0,3.0,27.0,0.0,0.0,1.0,1.0,38.0
신사동,0.64,22309.3604,669.2031999999999,9473.974,9239.9918,2926.1914,358.0,3.0,0.0,2.0,1.0,3.0,27.0,0.0,0.0,1.0,1.0,38.0
신림동,0.54,29775.4212,707.0415,16158.1053,10675.614700000002,2234.6597,544.0,26.0,0.0,3.0,0.0,1.0,59.0,0.0,0.0,2.0,1.0,92.0
난향동,0.8,10362.2942,596.6573000000001,1696.4502,6218.035800000001,1851.1509,694.0,0.0,0.0,0.0,0.0,0.0,0.0,0.0,0.0,0.0,0.0,0.0
조원동,0.67,30439.2189,697.0585,10874.8799,15673.7622,3193.5183,751.0,0.0,0.0,0.0,0.0,0.0,0.0,0.0,0.0,0.0,0.0,0.0
대학동,8.3,30114.3409,1932.8114999999998,14896.1119,10417.3642,2868.0533,771.0,0.0,0.0,0.0,0.0,0.0,1.0,0.0,0.0,0.0,0.0,1.0
은천동,0.78,27960.9048,1328.4377,8950.6198,13467.7467,4214.1006,1643.0,0.0,0.0,0.0,0.0,0.0,8.0,0.0,0.0,0.0,0.0,8.0
성현동,0.68,20743.5752,1270.9158,4671.655000000001,11260.1229,3540.8815,1399.0,0.0,0.0,0.0,0.0,0.0,8.0,0.0,0.0,0.0,0.0,8.0
청룡동,1.18,41375.6241,1704.452,20199.515,14916.5135,4555.1436,1135.0,0.0,0.0,2.0,0.0,4.0,8.0,0.0,0.0,0.0,0.0,14.0
난곡동,0.96,17332.9346,970.6538,4054.443,8926.5927,3381.2451,1579.0,0.0,0.0,0.0,0.0,2.0,0.0,0.0,0.0,0.0,0.0,2.0
삼성동,2.66,20486.8375,888.6984,5140.3843,9895.6689,4562.0859,1343.0,1.0,0.0,1.0,1.0,2.0,0.0,0.0,0.0,0.0,0.0,5.0
미성동,1.38,20605.3007,966.8182999999999,5049.1188,10510.312,4079.0516,1437.0,0.0,0.0,0.0,0.0,0.0,0.0,0.0,0.0,0.0,0.0,0.0
서초1동,1.42,23149.1396,1517.5776,5200.6721,13060.0123,3370.8776,455.0,0.0,0.0,2.0,0.0,2.0,5.0,0.0,0.0,0.0,0.0,9.0
서초2동,1.24,31927.2608,1658.5074,8089.580400000001,18792.451,3386.722,405.0,0.0,0.0,0.0,0.0,0.0,7.0,0.0,0.0,0.0,0.0,7.0
서초3동,2.93,41791.8175,2670.7585,10719.1146,22997.8477,5404.0967,727.0,0.0,0.0,1.0,0.0,2.0,7.0,0.0,0.0,0.0,0.0,10.0
서초4동,0.88,31247.2474,2808.4425,6359.0598,18148.1525,3931.5926,493.0,0.0,0.0,0.0,0.0,0.0,10.0,0.0,0.0,0.0,0.0,10.0
잠원동,1.76,31896.8276,2609.2394,5730.5549,19279.8777,4277.1556,487.0,0.0,0.0,0.0,0.0,1.0,14.0,0.0,0.0,0.0,0.0,15.0
반포본동,1.01,3149.7709,302.104,703.9723,1695.9798999999998,447.7147,,0.0,0.0,0.0,0.0,0.0,0.0,0.0,0.0,0.0,0.0,0.0
반포1동,1.0,27310.1976,1725.1576,6222.6327,16292.305900000001,3070.1014,607.0,0.0,0.0,0.0,0.0,0.0,7.0,0.0,0.0,0.0,0.0,7.0
반포2동,1.35,19909.5872,2085.6988,2627.3532,12384.176599999999,2812.3586,430.0,0.0,0.0,1.0,0.0,0.0,5.0,0.0,0.0,0.0,0.0,6.0
반포3동,1.28,19670.0238,2086.8508,3181.1818000000003,11609.573,2792.4182,423.0,0.0,0.0,0.0,0.0,0.0,7.0,0.0,0.0,0.0,0.0,7.0
반포4동,1.43,23743.5585,1741.5666,3682.7682000000004,14459.175200000001,3860.0485,351.0,0.0,0.0,0.0,0.0,0.0,7.0,0.0,0.0,0.0,0.0,7.0
방배본동,0.67,16170.5485,1399.4846,2849.2600999999995,9228.0674,2693.7364,463.0,0.0,0.0,0.0,0.0,0.0,3.0,0.0,0.0,0.0,0.0,3.0
방배1동,0.7,14771.7286,1103.1496000000002,3304.0822,7808.3627,2556.1341,491.0,0.0,0.0,1.0,0.0,1.0,5.0,0.0,0.0,0.0,0.0,7.0
방배2동,1.93,14395.0013,908.6423,3474.4742,7359.3363,2652.5485,598.0,0.0,0.0,1.0,0.0,0.0,6.0,0.0,0.0,0.0,0.0,7.0
방배3동,2.4,23688.3579,1703.3857,5147.5131,12802.5982,4034.8609,337.0,0.0,0.0,2.0,0.0,1.0,9.0,0.0,0.0,2.0,0.0,14.0
방배4동,0.95,23728.542,1734.04,4832.9789,13562.547,3598.9761,569.0,1.0,0.0,1.0,0.0,1.0,5.0,0.0,0.0,0.0,0.0,8.0
양재1동,5.76,44362.0351,2766.4316,9203.3393,24828.5909,7563.6733,1852.0,0.0,0.0,1.0,0.0,0.0,26.0,0.0,0.0,0.0,0.0,27.0
양재2동,7.58,26361.6286,1067.0322,6599.4179,15419.8842,3275.2943,662.0,0.0,0.0,1.0,0.0,1.0,5.0,0.0,0.0,0.0,0.0,7.0
내곡동,12.68,13910.2437,780.7636,2783.962,7539.9821,2805.536,815.0,0.0,0.0,2.0,0.0,1.0,16.0,0.0,0.0,3.0,1.0,23.0
신사동,1.89,22309.3604,669.2031999999999,9473.974,9239.9918,2926.1914,927.0,3.0,0.0,2.0,1.0,3.0,27.0,0.0,0.0,1.0,1.0,38.0
신사동,1.89,22309.3604,669.2031999999999,9473.974,9239.9918,2926.1914,358.0,3.0,0.0,2.0,1.0,3.0,27.0,0.0,0.0,1.0,1.0,38.0
개포3동,1.24,,,,,,1117.0,0.0,0.0,0.0,0.0,2.0,7.0,0.0,0.0,0.0,0.0,9.0
논현1동,1.25,31818.9111,1068.1379,10985.663700000001,16623.8778,3141.2317,548.0,0.0,0.0,1.0,1.0,0.0,4.0,0.0,0.0,0.0,0.0,6.0
논현2동,1.47,33128.7904,1255.5462,8489.5609,19569.481900000002,3814.2014,452.0,0.0,0.0,2.0,0.0,1.0,6.0,0.0,0.0,0.0,0.0,9.0
삼성1동,1.94,18526.7889,904.6633,4157.2773,11244.2976,2220.5507,269.0,0.0,0.0,1.0,0.0,0.0,4.0,0.0,0.0,0.0,0.0,5.0
삼성2동,1.24,31123.0116,2024.7782000000002,6682.0455999999995,18983.8951,3432.2927,571.0,0.0,0.0,0.0,0.0,0.0,13.0,0.0,0.0,0.0,0.0,13.0
대치1동,0.79,22835.1761,4252.6253,2326.0222000000003,13484.858199999999,2771.6704,284.0,0.0,0.0,0.0,0.0,2.0,9.0,0.0,0.0,0.0,0.0,11.0
대치2동,2.0,31143.3859,4331.911599999999,4532.7325,17740.611699999998,4538.1301,608.0,0.0,0.0,1.0,0.0,2.0,9.0,0.0,0.0,0.0,0.0,12.0
대치4동,0.73,28214.3796,3505.2110000000002,6567.3719,15751.8464,2389.9503,353.0,0.0,0.0,1.0,0.0,0.0,3.0,0.0,0.0,0.0,0.0,4.0
역삼1동,2.35,66576.1636,2402.1255,23222.0428,35804.2312,5147.7641,702.0,0.0,0.0,2.0,0.0,0.0,8.0,0.0,0.0,0.0,0.0,10.0
역삼2동,1.15,40087.5703,4077.6675,8431.690200000001,23606.476199999997,3971.7364,632.0,0.0,0.0,2.0,0.0,1.0,15.0,0.0,0.0,0.0,0.0,18.0
도곡1동,1.02,35704.0442,2858.6663,6415.420099999999,20749.0256,5680.9322,364.0,0.0,0.0,1.0,0.0,1.0,9.0,0.0,0.0,0.0,0.0,11.0
도곡2동,1.02,21341.246,2349.818,2786.6875,12928.1743,3276.5662,517.0,0.0,0.0,1.0,0.0,0.0,8.0,0.0,0.0,0.0,0.0,9.0
개포1동,1.27,22945.1499,1919.7493,2732.6966,14196.4584,4096.2456,506.0,0.0,0.0,0.0,0.0,0.0,5.0,0.0,0.0,0.0,0.0,5.0
개포2동,2.51,26792.522,2585.2131,4081.0652,15785.1665,4341.0772,764.0,0.0,0.0,0.0,0.0,0.0,9.0,0.0,0.0,0.0,0.0,9.0
개포4동,1.49,15415.7084,1130.101,2931.9556000000002,8858.2942,2495.3576,592.0,0.0,0.0,2.0,0.0,1.0,5.0,0.0,0.0,0.0,0.0,8.0
일원본동,2.58,20815.2563,2140.7116,2945.4098000000004,11448.3602,4280.7747,693.0,0.0,0.0,0.0,0.0,0.0,11.0,0.0,0.0,0.0,0.0,11.0
일원1동,0.92,12238.22,735.2570000000001,2714.4739,6218.2979000000005,2570.1912,1073.0,0.0,0.0,0.0,0.0,0.0,4.0,0.0,0.0,0.0,0.0,4.0
수서동,1.43,17334.0198,548.2278,3338.2761,8897.8969,4549.619,2034.0,0.0,0.0,1.0,0.0,2.0,8.0,0.0,0.0,2.0,3.0,16.0
세곡동,6.36,40858.8552,3341.6180999999997,7875.309800000001,22293.8306,7348.0967,2023.0,1.0,0.0,3.0,0.0,3.0,25.0,0.0,0.0,0.0,1.0,33.0
압구정동,2.53,27745.5765,1743.3133,5612.9244,16263.2377,4126.1011,502.0,0.0,0.0,0.0,0.0,0.0,6.0,0.0,0.0,0.0,0.0,6.0
청담동,2.33,29371.8129,1442.6828,6469.5887999999995,17601.824699999997,3857.7166,472.0,0.0,0.0,0.0,0.0,2.0,10.0,0.0,0.0,0.0,0.0,12.0
풍납1동,0.77,12263.1893,560.1553,2607.6539,6490.822899999999,2604.5572,579.0,0.0,0.0,0.0,0.0,1.0,6.0,0.0,0.0,0.0,0.0,7.0
풍납2동,1.59,27010.3147,1162.8116,6160.0329,14761.8535,4925.6167,757.0,0.0,0.0,0.0,0.0,1.0,11.0,0.0,0.0,0.0,0.0,12.0
거여1동,0.51,12537.6745,759.3949,2482.9838,6598.5134,2696.7824,614.0,0.0,0.0,0.0,0.0,1.0,6.0,0.0,0.0,0.0,0.0,7.0
거여2동,0.53,16214.2452,816.0454,2913.7383,8918.668599999999,3565.7929,1117.0,0.0,0.0,0.0,0.0,0.0,10.0,0.0,0.0,0.0,0.0,10.0
마천1동,0.58,11796.1418,859.4666,1915.2145,6384.711499999999,2636.7492,1111.0,0.0,0.0,0.0,0.0,1.0,7.0,0.0,0.0,0.0,0.0,8.0
마천2동,0.89,12295.8954,564.0356,2172.1032,6375.0051,3184.7515,1190.0,0.0,0.0,0.0,0.0,3.0,9.0,0.0,0.0,0.0,0.0,12.0
방이1동,0.5,13537.8619,1001.5898,2788.3558,7396.9593,2350.957,423.0,0.0,0.0,0.0,0.0,1.0,5.0,0.0,0.0,0.0,0.0,6.0
방이2동,0.8,38428.3021,1950.474,14067.786,18085.6344,4324.4077,779.0,0.0,0.0,0.0,0.0,0.0,2.0,0.0,0.0,0.0,0.0,2.0
오륜동,3.17,16562.3335,1672.2956,3124.3693999999996,8435.128300000002,3330.5402,288.0,0.0,0.0,0.0,0.0,0.0,3.0,0.0,0.0,0.0,0.0,3.0
오금동,1.65,33247.4744,2067.5219,5962.7347,18081.3874,7135.8304,1478.0,2.0,0.0,0.0,0.0,1.0,15.0,0.0,0.0,5.0,0.0,23.0
송파1동,0.79,24688.9801,1101.7446,7812.7585,12505.792,3268.685,692.0,0.0,0.0,3.0,1.0,0.0,3.0,0.0,0.0,0.0,0.0,7.0
송파2동,0.53,16869.0329,1189.8573000000001,3190.1435,9458.5605,3030.4716,458.0,0.0,0.0,0.0,0.0,1.0,7.0,0.0,0.0,0.0,0.0,8.0
석촌동,0.95,27985.7557,1250.1721,8285.536800000002,14736.008000000002,3714.0388,998.0,3.0,0.0,0.0,0.0,0.0,3.0,0.0,0.0,1.0,1.0,8.0
삼전동,0.95,28407.9315,1210.0812999999998,8238.9902,14973.3028,3985.5572,877.0,2.0,0.0,1.0,0.0,2.0,2.0,0.0,0.0,1.0,0.0,8.0
가락본동,1.13,36548.01,1924.2003,8257.360999999999,20997.7889,5368.6598,732.0,0.0,0.0,0.0,0.0,0.0,11.0,0.0,0.0,0.0,0.0,11.0
가락1동,1.34,27399.6526,1212.0608,4240.3808,17529.707000000002,4417.504,566.0,0.0,0.0,0.0,0.0,0.0,7.0,0.0,0.0,0.0,0.0,7.0
가락2동,0.96,20950.9013,1333.4317999999998,4369.165800000001,11286.087,3962.2167,862.0,0.0,0.0,0.0,0.0,0.0,10.0,0.0,0.0,0.0,0.0,10.0
문정1동,0.56,21216.717,1050.8141999999998,5037.2047,11597.1917,3531.5064,570.0,1.0,0.0,0.0,0.0,0.0,6.0,0.0,0.0,1.0,1.0,9.0
문정2동,2.2,30915.0664,1052.0078,8580.2116,17625.7826,3657.0644,507.0,1.0,0.0,0.0,0.0,1.0,4.0,0.0,0.0,0.0,1.0,7.0
장지동,1.37,28094.6385,1595.6841,5978.5277,15696.756399999998,4823.6703,1306.0,1.0,1.0,2.0,0.0,1.0,21.0,0.0,0.0,1.0,0.0,27.0
위례동,2.55,40035.4317,3402.9602,6564.3626,24917.9357,5150.1732,1231.0,0.0,0.0,0.0,0.0,0.0,11.0,0.0,0.0,0.0,0.0,11.0
잠실본동,0.94,32642.3474,1652.8006,9959.7094,16711.4697,4318.3677,769.0,0.0,0.0,0.0,0.0,2.0,5.0,0.0,0.0,0.0,0.0,7.0
잠실2동,2.18,27269.5316,2912.3381,4181.710999999999,16857.428,3318.0545,560.0,0.0,0.0,0.0,0.0,0.0,3.0,0.0,0.0,0.0,0.0,3.0
잠실3동,1.49,32032.2261,3003.7178999999996,5875.8381,17596.6742,5555.9959,693.0,0.0,0.0,0.0,0.0,0.0,3.0,0.0,0.0,0.0,0.0,3.0
잠실4동,1.56,25362.6436,1897.2658000000001,4125.714,15043.580399999999,4296.0834,445.0,0.0,0.0,0.0,0.0,0.0,4.0,0.0,0.0,0.0,0.0,4.0
잠실6동,2.79,20046.8914,1412.3731,4821.8225,11003.614099999999,2809.0817,353.0,0.0,0.0,0.0,0.0,2.0,4.0,0.0,0.0,0.0,0.0,6.0
잠실7동,0.6,9657.0309,537.8591,1847.2263,5219.2678,2052.6777,218.0,0.0,0.0,0.0,0.0,0.0,2.0,0.0,0.0,0.0,0.0,2.0
명일1동,0.61,21344.7381,1675.0029,3549.6744999999996,11635.7047,4484.356,800.0,2.0,0.0,0.0,0.0,1.0,6.0,0.0,0.0,3.0,0.0,12.0
명일2동,0.97,13112.32,1562.313,2092.5365,6883.8196,2573.6509,419.0,1.0,0.0,1.0,0.0,0.0,6.0,0.0,0.0,0.0,0.0,8.0
고덕1동,1.51,19295.6377,2306.1484,2541.4536,11536.029999999999,2912.0057,685.0,0.0,0.0,1.0,0.0,0.0,6.0,0.0,0.0,0.0,0.0,7.0
고덕2동,2.5,17447.6044,1295.8281000000002,2687.4119,10529.3635,2935.0009,853.0,0.0,0.0,0.0,0.0,1.0,4.0,0.0,0.0,0.0,0.0,5.0
암사1동,1.02,28866.1198,1442.5762,5850.2019,16051.3635,5521.9782,1644.0,3.0,0.0,0.0,0.0,0.0,10.0,0.0,0.0,0.0,0.0,13.0
암사2동,1.18,13365.6784,610.2852,3003.1353,7563.612499999999,2188.6454,503.0,1.0,0.0,0.0,0.0,0.0,3.0,0.0,0.0,0.0,0.0,4.0
암사3동,2.51,14257.5955,995.0522,2338.5666,8257.373300000001,2666.6034,563.0,0.0,0.0,0.0,0.0,0.0,7.0,0.0,0.0,0.0,6.0,13.0
천호1동,0.71,28186.4532,1410.7295,5723.8903,15086.998799999998,5964.8346,1380.0,0.0,0.0,0.0,0.0,1.0,6.0,0.0,0.0,0.0,0.0,7.0
천호2동,1.57,41781.8744,1756.1613,10095.757,22221.951100000002,7708.005,1658.0,0.0,0.0,1.0,1.0,0.0,6.0,0.0,0.0,0.0,0.0,8.0
천호3동,0.79,28510.2013,1120.5252,8194.4218,14415.501200000002,4779.7531,1221.0,0.0,0.0,0.0,0.0,1.0,11.0,0.0,0.0,0.0,0.0,12.0
성내1동,0.58,19795.3929,1160.0887,4091.6858999999995,10610.1335,3933.4848,624.0,0.0,0.0,0.0,0.0,0.0,5.0,0.0,0.0,0.0,0.0,5.0
성내2동,0.67,23687.1126,1001.6845,6237.885899999999,12152.473000000002,4295.0692,1027.0,0.0,0.0,0.0,0.0,1.0,4.0,0.0,0.0,0.0,0.0,5.0
성내3동,0.71,27427.3808,1687.4383,6401.3065,14465.733100000001,4872.9029,890.0,0.0,0.0,0.0,0.0,0.0,5.0,0.0,0.0,0.0,0.0,5.0
길동,1.61,57135.5043,2632.1798,13332.853199999998,29790.6363,11379.835,2050.0,5.0,0.0,0.0,0.0,4.0,10.0,0.0,0.0,1.0,1.0,21.0
둔촌1동,0.92,27873.2646,1599.6114,4279.771699999999,16466.6535,5527.228,190.0,0.0,0.0,1.0,0.0,0.0,0.0,0.0,0.0,0.0,0.0,1.0
둔촌2동,1.56,22486.4533,1366.9057,4575.8278,12055.1786,4488.5412,925.0,0.0,0.0,0.0,0.0,0.0,14.0,0.0,0.0,0.0,0.0,14.0
강일동,2.26,43927.3894,3436.0062,7335.8456,24932.0899,8223.4477,1766.0,4.0,0.0,1.0,0.0,0.0,17.0,0.0,0.0,4.0,0.0,26.0
상일1동,1.82,,,,,,1086.0,0.0,0.0,0.0,0.0,0.0,12.0,0.0,0.0,0.0,0.0,12.0
상일2동,1.09,,,,,,683.0,0.0,0.0,0.0,0.0,0.0,6.0,0.0,0.0,0.0,0.0,6.0
